--CREATE DATABASE BDSistema_Ventas
--GO
USE BDSistema_Ventas


--TABLA DEPARTAMENTOS
CREATE TABLE tbDepartamentos(
	 Dept_Id					CHAR(2) NOT NULL,
	 Dept_Departamento          NVARCHAR(150) NOT NULL,
 	 Usua_IdCreacion		    INT NOT NULL,
	 Dept_FechaCreacion         DATETIME NOT NULL,
	 Usua_IdModificacion		INT,
	 Dept_FechaModificacion		DATETIME
	 CONSTRAINT PK_tbDepartamento_Dept_Id PRIMARY KEY (Dept_Id)
);


--TABLA MUNICIPIOS
CREATE TABLE tbMunicipios(
    Muni_Id							CHAR(4) NOT NULL,
	Muni_Municipios					NVARCHAR(150)NOT NULL,
	Dept_Id							CHAR(2),
	Usua_IdCreacion					INT NOT NULL,
	Muni_FechaCreacion				DATETIME NOT NULL,
	Usua_IdModificacion				INT,
    Muni_FechaModificacion			DATETIME
	CONSTRAINT PK_tbMunicipios_Muni_Id PRIMARY KEY (Muni_Id),
	CONSTRAINT FK_tbMunicipios_Dept_Id_tbDepartamentos_Dept_Id FOREIGN KEY (Dept_Id) REFERENCES tbDepartamentos(Dept_Id)
);


--TABLA DIRECCIONES
CREATE TABLE tbDirecciones(
	Dire_Id					INT IDENTITY(1,1),
	Dire_Calle				NVARCHAR(255) NOT NULL,
	Dire_Numero				NVARCHAR(255) NOT NULL,
	Dire_Comuna				NVARCHAR(255) NOT NULL,
	Muni_Id					CHAR(4) NOT NULL,
	Usua_IdCreacion			INT NOT NULL,
	Dire_FechaCreacion		DATETIME NOT NULL,
	Usua_IdModificacion		INT,
	Dire_FechaModificacion	DATETIME
	CONSTRAINT PK_tbDirecciones_Dire_Id PRIMARY KEY(Dire_Id),
	CONSTRAINT FK_tbDirecciones_Muni_Id_tbMunicipios_Muni_Id FOREIGN KEY(Muni_Id) REFERENCES tbMunicipios(Muni_Id)
);



--TABLA TIPO IDENTIFICACION
CREATE TABLE tbTipoIdentificacion(
	TiId_ID				INT IDENTITY(1,1),
	TiId_Identificacion	NVARCHAR(150) NOT NULL,
	Usua_IdCreacion			INT NOT NULL,
	TiId_FechaCreacion		DATETIME NOT NULL,
	Usua_IdModificacion		INT,
	TiId_FechaModificacion	DATETIME
	CONSTRAINT PK_tbTipoIdentificacion_TiId_ID PRIMARY KEY(TiId_ID),	
);


--TABLA ESTADOS CIVILES
CREATE TABLE tbEstadosCiviles(
	EsCi_Id					CHAR(1)NOT NULL,
	EsCi_EstadoCivil		NVARCHAR(150) NOT NULL,
	Usua_IdCreacion			INT NOT NULL,
	EsCi_FechaCreacion		DATETIME NOT NULL,
	Usua_IdModificacion		INT,
	EsCi_FechaModificacion	DATETIME,
	CONSTRAINT PK_tbEstadosCiviles_EsCi_Id PRIMARY KEY(EsCi_Id),	
);



--TABLA EMPLEADOS
CREATE TABLE tbEmpleados(
	Empl_Id					INT IDENTITY(1,1),
	Empl_DNI				VARCHAR(13) NOT NULL,
	Empl_Nombre				NVARCHAR(255)NOT NULl,
	Empl_Apellidos			NVARCHAR(255) NOT NULL,
	Empl_Sexo				CHAR(1) NOT NULL,
	EsCi_Id					CHAR(1) NOT NULL,
	Dire_Id					INT	NOT NULL,
	Empl_FechaNacimiento	DATE NOT NULL,
	Empl_Telefono			NVARCHAR(9)NOT NULL,
	Empl_CorreoEletronico	NVARCHAR(255)NOT NULL,
	Empl_Estado				BIT NOT NULL,
	Usua_IdCreacion			INT NOT NULL,
	Empl_FechaCreacion		DATETIME NOT NULL,
	Usua_IdModificacion		INT,
	Empl_FechaModificacion	DATETIME
	CONSTRAINT PK_tbEmpleados_Empl_Id PRIMARY KEY(Empl_Id),
	CONSTRAINT FK_tbEmpleados_EsCi_Id_tbEstadosCiviles_EsCi_Id FOREIGN KEY(EsCi_Id) REFERENCES tbEstadosCiviles(EsCi_Id),
	CONSTRAINT FK_tbEmpleados_Dire_Id_tbDirecciones_Dire_Id FOREIGN KEY(Dire_Id) REFERENCES tbDirecciones(Dire_Id),
	CONSTRAINT CK_tbEmpleados_Empl_Sexo CHECK(Empl_Sexo IN('F','M'))
);




--TABLA USUARIOS
CREATE TABLE tbUsuarios(
	Usua_Id					INT IDENTITY(1,1),
	Empl_Id					INT NOT NULL,
	Usua_Nombre				NVARCHAR(255)NOT NULL,
	Usua_Clave				NVARCHAR(MAX)NOT NULL,
	Usua_EsAdmin			BIT NOT NULL,
	Usua_Estado				BIT NOT NULL,
	Usua_IdCreacion			INT NOT NULL,
	Usua_FechaCreacion		DATETIME NOT NULL,
	Usua_IdModificacion		INT,
	Usua_FechaModificacion	DATETIME
	CONSTRAINT PK_tbUsuarios_Usua_Id PRIMARY KEY(Usua_Id),
	CONSTRAINT FK_tbUsuarios_Empl_Id_tbEmpleados_Empl_Id FOREIGN KEY(Empl_Id) REFERENCES tbEmpleados(Empl_Id),
);



--TABLA PROVEEDOR
CREATE TABLE tbProveedores(
	Prov_Id					INT IDENTITY(1,1),
	Prov_Rut				VARCHAR(14) NOT NULL,
	Prov_Nombre				NVARCHAR(150) NOT NULL,
	Dire_Id					INT NOT NULL,
	Prov_Telefono			VARCHAR(9) NOT NULL,
	Prov_PaginaWeb			NVARCHAR(255) NOT NULL,
	Prov_Estado				BIT NOT NULL,
	Usua_IdCreacion			INT NOT NULL,
	Prov_FechaCreacion		DATETIME  NOT NULL,
	Usua_IdModificacion		INT,
	Prov_FechaModificacion	DATETIME
	CONSTRAINT PK_tbProveedores_Prov_Id PRIMARY KEY(Prov_Id),
	CONSTRAINT FK_tbProveedores_Dire_Id_tbDirecciones_Dire_Id FOREIGN KEY(Dire_Id) REFERENCES tbDirecciones(Dire_Id)
);

--TABLA CLIENTES
CREATE TABLE tbClientes(
	Clie_Id					INT IDENTITY(1,1),
	TiId_ID					INT NOT NULL,
	Clie_Identificacion		VARCHAR(15) NOT NULL,
	Clie_Nombre				NVARCHAR(255)  NOT NULL,
	Dire_Id					INT NOT NULL,
	Clie_Telefono			NVARCHAR(9)NOT NULL,
	Clie_CorreoElectronico	NVARCHAR(255) NOT NULL,
	Clie_Estado				BIT NOT NULL,
	Usua_IdCreacion			INT NOT NULL,
	Clie_FechaCreacion		DATETIME NOT NULL,
	Usua_IdModificacion		INT,
	Clie_FechaModificacion	DATETIME
	CONSTRAINT PK_tbClientes_Clie_Id PRIMARY KEY(Clie_Id),
	CONSTRAINT FK_tbClientes_TiId_ID_tbTipoIdentificacion_TiId_ID FOREIGN KEY(TiId_ID) REFERENCES tbTipoIdentificacion(TiId_ID),
	CONSTRAINT FK_tbClientes_Dire_Id_tbDirecciones_Dire_Id FOREIGN KEY(Dire_Id) REFERENCES tbDirecciones(Dire_Id),
);


--INSERTS tbDepartamentos
INSERT INTO  tbDepartamentos  
VALUES ('01', 'Atlántida', 1, GETDATE(), null, null);
GO

INSERT INTO  tbDepartamentos  
VALUES ('02', 'Colón', 1, GETDATE(), null, null);
GO

INSERT INTO  tbDepartamentos  
VALUES ('03', 'Comayagua', 1, GETDATE(), null, null);
GO

INSERT INTO  tbDepartamentos  
VALUES ('04', 'Copán', 1, GETDATE(), null, null);
GO

INSERT INTO  tbDepartamentos  
VALUES ('05', 'Cortés', 1, GETDATE(), null, null);
GO

INSERT INTO  tbDepartamentos  
VALUES ('06', 'Choluteca', 1, GETDATE(), null, null);
GO

INSERT INTO  tbDepartamentos  
VALUES ('07', 'El Paraíso', 1, GETDATE(), null, null);
GO

INSERT INTO  tbDepartamentos  
VALUES ('08', 'Francisco Morazán', 1, GETDATE(), null, null);
GO

INSERT INTO  tbDepartamentos  
VALUES ('09', 'Gracias a Dios', 1, GETDATE(), null, null);
GO

INSERT INTO  tbDepartamentos  
VALUES ('10', 'Intibucá', 1, GETDATE(), null, null);
GO

INSERT INTO  tbDepartamentos  
VALUES ('11', 'Islas de la Bahía', 1, GETDATE(), null, null);
GO

INSERT INTO  tbDepartamentos  
VALUES ('12', 'La Paz', 1, GETDATE(), null, null);
GO

INSERT INTO  tbDepartamentos  
VALUES ('13', 'Lempira', 1, GETDATE(), null, null);
GO

INSERT INTO  tbDepartamentos  
VALUES ('14', 'Ocotepeque', 1, GETDATE(), null, null);
GO

INSERT INTO  tbDepartamentos  
VALUES ('15', 'Olancho', 1, GETDATE(), null, null);
GO

INSERT INTO  tbDepartamentos  
VALUES ('16', 'Santa Bárbara', 1, GETDATE(), null, null);
GO

INSERT INTO  tbDepartamentos  
VALUES ('17', 'Valle', 1, GETDATE(), null, null);
GO

INSERT INTO  tbDepartamentos  
VALUES ('18', 'Yoro', 1, GETDATE(), null, null);
GO

--INSERTS tbMunicipios
INSERT INTO [dbo].[tbMunicipios]
VALUES('0101','LA CEIBA','01',1,GETDATE(),NULL,NULL);
GO
INSERT INTO [dbo].[tbMunicipios] 
VALUES('0102','EL PORVENIR','01',1,GETDATE(),NULL,NULL);
GO
INSERT INTO [dbo].[tbMunicipios] 
VALUES('0103','ESPARTA','01',1,GETDATE(),NULL,NULL);
GO
INSERT INTO [dbo].[tbMunicipios] 
VALUES('0104','JUTIAPA','01',1,GETDATE(),NULL,NULL);
GO
INSERT INTO [dbo].[tbMunicipios] 
VALUES('0105','LA MASICA','01',1,GETDATE(),NULL,NULL);
GO
INSERT INTO [dbo].[tbMunicipios] 
VALUES('0106','SAN FRANCISCO','01',1,GETDATE(),NULL,NULL);
GO
INSERT INTO [dbo].[tbMunicipios] 
VALUES('0107','TELA','01',1,GETDATE(),NULL,NULL);
GO
INSERT INTO [dbo].[tbMunicipios] 
VALUES('0108','ARIZONA','01',1,GETDATE(),NULL,NULL);
GO
INSERT INTO [dbo].[tbMunicipios]
VALUES('0201','TRUJILLO','02',1,GETDATE(),NULL,NULL);
GO
INSERT INTO [dbo].[tbMunicipios] 
VALUES('0202','BALFATE','02',1,GETDATE(),NULL,NULL);
GO
INSERT INTO [dbo].[tbMunicipios]
VALUES('0203','IRIONA','02',1,GETDATE(),NULL,NULL);
GO
INSERT INTO [dbo].[tbMunicipios]
VALUES('0204','LIMÓN','02',1,GETDATE(),NULL,NULL);
GO
INSERT INTO [dbo].[tbMunicipios] 
VALUES('0205','SABÁ','02',1,GETDATE(),NULL,NULL);
GO
INSERT INTO [dbo].[tbMunicipios]
VALUES('0206','SANTA FE','02',1,GETDATE(),NULL,NULL);
GO
INSERT INTO [dbo].[tbMunicipios] 
VALUES('0207','STA. ROSA DE AGUÁN','02',1,GETDATE(),NULL,NULL);
GO
INSERT INTO [dbo].[tbMunicipios]
VALUES('0208','SONAGUERA','02',1,GETDATE(),NULL,NULL);
GO
INSERT INTO [dbo].[tbMunicipios]
VALUES('0209','TOCOA','02',1,GETDATE(),NULL,NULL);
GO
INSERT INTO [dbo].[tbMunicipios]
VALUES('0210','BONITO ORIENTAL','02',1,GETDATE(),NULL,NULL);
GO
INSERT INTO [dbo].[tbMunicipios]
VALUES('0301','COMAYAGUA','03',1,GETDATE(),NULL,NULL);
GO
INSERT INTO [dbo].[tbMunicipios] 
VALUES('0302','AJUTERIQUE','03',1,GETDATE(),NULL,NULL);
GO
INSERT INTO [dbo].[tbMunicipios] 
VALUES('0303','EL ROSARIO','03',1,GETDATE(),NULL,NULL);
GO
INSERT INTO [dbo].[tbMunicipios] 
VALUES('0304','ESQUÍAS','03',1,GETDATE(),NULL,NULL);
GO
INSERT INTO [dbo].[tbMunicipios] 
VALUES('0305','SABÁ','03',1,GETDATE(),NULL,NULL);
GO
INSERT INTO [dbo].[tbMunicipios] 
VALUES('0306','SANTA FE','03',1,GETDATE(),NULL,NULL);
GO
INSERT INTO [dbo].[tbMunicipios]
VALUES('0307','STA. ROSA DE AGUÁN','03',1,GETDATE(),NULL,NULL);
GO
INSERT INTO [dbo].[tbMunicipios]
VALUES('0308','SONAGUERA','03',1,GETDATE(),NULL,NULL);
GO
INSERT INTO [dbo].[tbMunicipios]
VALUES('0309','TOCOA','03',1,GETDATE(),NULL,NULL);
GO
INSERT INTO [dbo].[tbMunicipios] 
VALUES('0310','BONITO ORIENTAL','03',1,GETDATE(),NULL,NULL);
GO
INSERT INTO [dbo].[tbMunicipios]
VALUES('0311','MINAS DE ORO','03',1,GETDATE(),NULL,NULL);
GO
INSERT INTO [dbo].[tbMunicipios]
VALUES('0312','OJOS DE AGUA','03',1,GETDATE(),NULL,NULL);
GO
INSERT INTO [dbo].[tbMunicipios] 
VALUES('0313','SAN JERÓNIMO','03',1,GETDATE(),NULL,NULL);
GO
INSERT INTO [dbo].[tbMunicipios]
VALUES('0314','S. JOSE DE COMAYAGUA','03',1,GETDATE(),NULL,NULL);
GO
INSERT INTO [dbo].[tbMunicipios]
VALUES('0315','S. JOSE DEL POTRERO','03',1,GETDATE(),NULL,NULL);
GO
INSERT INTO [dbo].[tbMunicipios]
VALUES('0316','SAN LUIS','03',1,GETDATE(),NULL,NULL);
GO
INSERT INTO [dbo].[tbMunicipios]
VALUES('0317','SAN SEBASTIÁN','03',1,GETDATE(),NULL,NULL);
GO
INSERT INTO [dbo].[tbMunicipios]
VALUES('0318','SIGUATEPEQUE','03',1,GETDATE(),NULL,NULL);
GO
INSERT INTO [dbo].[tbMunicipios] 
VALUES('0319','VILLA DE S. ANTONIO','03',1,GETDATE(),NULL,NULL);
GO
INSERT INTO [dbo].[tbMunicipios]
VALUES('0320','LAJAS','03',1,GETDATE(),NULL,NULL);
GO
INSERT INTO [dbo].[tbMunicipios] 
VALUES('0321','TAULABÉ','03',1,GETDATE(),NULL,NULL);
GO
INSERT INTO [dbo].[tbMunicipios]
VALUES('0401','STA. ROSA DE COPÁN','04',1,GETDATE(),NULL,NULL);
 GO
INSERT INTO [dbo].[tbMunicipios]
VALUES('0402','CABAÑAS','04',1,GETDATE(),NULL,NULL);
GO
INSERT INTO [dbo].[tbMunicipios]
VALUES('0403','CONCEPCIÓN','04',1,GETDATE(),NULL,NULL);
GO
INSERT INTO [dbo].[tbMunicipios]
VALUES('0404','COPÁN RUINAS','04',1,GETDATE(),NULL,NULL);
GO
INSERT INTO [dbo].[tbMunicipios]
VALUES('0405','CORQUÓN','04',1,GETDATE(),NULL,NULL);
GO
INSERT INTO [dbo].[tbMunicipios]
VALUES('0406','CUCUYAGUA','04',1,GETDATE(),NULL,NULL);
GO
INSERT INTO [dbo].[tbMunicipios]
VALUES('0407','DOLORES','04',1,GETDATE(),NULL,NULL);
GO
INSERT INTO [dbo].[tbMunicipios]
VALUES('0408','DULCE NOMBRE','04',1,GETDATE(),NULL,NULL);
GO
INSERT INTO [dbo].[tbMunicipios]
VALUES('0409','EL PARAÍSO','04',1,GETDATE(),NULL,NULL);
GO
INSERT INTO [dbo].[tbMunicipios]
VALUES('0410','FLORIDA','04',1,GETDATE(),NULL,NULL);
GO
INSERT INTO [dbo].[tbMunicipios]
VALUES('0411','LA JIGUA','04',1,GETDATE(),NULL,NULL);
GO
INSERT INTO [dbo].[tbMunicipios]
VALUES('0412','LA UNIÓN','04',1,GETDATE(),NULL,NULL);
GO
INSERT INTO [dbo].[tbMunicipios] 
VALUES('0413','NUEVA ARCADIA','04',1,GETDATE(),NULL,NULL);
GO
INSERT INTO [dbo].[tbMunicipios]
VALUES('0414','SAN AGUSTÍN','04',1,GETDATE(),NULL,NULL);
GO
INSERT INTO [dbo].[tbMunicipios] 
VALUES('0415','SAN ANTONIO','04',1,GETDATE(),NULL,NULL);
GO
INSERT INTO [dbo].[tbMunicipios]
VALUES('0416','SAN JERÓNIMO','04',1,GETDATE(),NULL,NULL);
GO
INSERT INTO [dbo].[tbMunicipios]
VALUES('0417','SAN JOSÉ','04',1,GETDATE(),NULL,NULL);
GO
INSERT INTO [dbo].[tbMunicipios]
VALUES('0418','SAN JUAN DE OPOA','04',1,GETDATE(),NULL,NULL);
GO
INSERT INTO [dbo].[tbMunicipios]
VALUES('0419','SAN NICOLÁS','04',1,GETDATE(),NULL,NULL);
GO
INSERT INTO [dbo].[tbMunicipios]
VALUES('0420','SAN PEDRO','04',1,GETDATE(),NULL,NULL);
GO
INSERT INTO [dbo].[tbMunicipios] 
VALUES('0421','SANTA RITA','04',1,GETDATE(),NULL,NULL);
GO
INSERT INTO [dbo].[tbMunicipios]
VALUES('0422','TRINIDAD','04',1,GETDATE(),NULL,NULL);
GO
INSERT INTO [dbo].[tbMunicipios]
VALUES('0423','VERACRUZ','04',1,GETDATE(),NULL,NULL);
GO
INSERT INTO [dbo].[tbMunicipios] 
VALUES('0501','SAN PEDRO SULA','05',1,GETDATE(),NULL,NULL);
GO
INSERT INTO [dbo].[tbMunicipios] 
VALUES('0502','CHOLOMA','05',1,GETDATE(),NULL,NULL);
GO
INSERT INTO [dbo].[tbMunicipios]
VALUES('0503','OMOA','05',1,GETDATE(),NULL,NULL);
GO
INSERT INTO [dbo].[tbMunicipios] 
VALUES('0504','PIMIENTA','05',1,GETDATE(),NULL,NULL);
GO
INSERT INTO [dbo].[tbMunicipios]
VALUES('0505','POTRERILLOS','05',1,GETDATE(),NULL,NULL);
GO
INSERT INTO [dbo].[tbMunicipios]
VALUES('0506','PUERTO CORTÉS','05',1,GETDATE(),NULL,NULL);
GO
INSERT INTO [dbo].[tbMunicipios]
VALUES('0507','S. ANTONIO DE CORTÉS','05',1,GETDATE(),NULL,NULL);
GO
INSERT INTO [dbo].[tbMunicipios]
VALUES('0508','SAN FCO. DE YOJOA','05',1,GETDATE(),NULL,NULL);
GO
INSERT INTO [dbo].[tbMunicipios] 
VALUES('0509','SAN MANUEL','05',1,GETDATE(),NULL,NULL);
GO
INSERT INTO [dbo].[tbMunicipios]
VALUES('0510','STA. CRUZ DE YOJOA','05',1,GETDATE(),NULL,NULL);
GO
INSERT INTO [dbo].[tbMunicipios]
VALUES('0511','VILLANUEVA','05',1,GETDATE(),NULL,NULL);
GO
INSERT INTO [dbo].[tbMunicipios] 
VALUES('0512','LA LIMA','05',1,GETDATE(),NULL,NULL);
GO
INSERT INTO [dbo].[tbMunicipios]
VALUES('0601','CHOLUTECA','06',1,GETDATE(),NULL,NULL);
GO
INSERT INTO [dbo].[tbMunicipios] 
VALUES('0602','APACILAGUA','06',1,GETDATE(),NULL,NULL);
GO
INSERT INTO [dbo].[tbMunicipios]
VALUES('0603','CONCEPCIÓN DE MARÁA','06',1,GETDATE(),NULL,NULL);
GO
INSERT INTO [dbo].[tbMunicipios]
VALUES('0604','DUYURE','06',1,GETDATE(),NULL,NULL);
GO
INSERT INTO [dbo].[tbMunicipios]
VALUES('0605','EL CORPUS','06',1,GETDATE(),NULL,NULL);
GO
INSERT INTO [dbo].[tbMunicipios] 
VALUES('0606','EL TRIUNFO','06',1,GETDATE(),NULL,NULL);
GO
INSERT INTO [dbo].[tbMunicipios]
VALUES('0607','MARCOVIA','06',1,GETDATE(),NULL,NULL);
GO
INSERT INTO [dbo].[tbMunicipios]
VALUES('0608','MOROLICA','06',1,GETDATE(),NULL,NULL);
GO
INSERT INTO [dbo].[tbMunicipios] 
VALUES('0609','NAMASIGUE','06',1,GETDATE(),NULL,NULL);
GO
INSERT INTO [dbo].[tbMunicipios] 
VALUES('0610','OROCUINA','06',1,GETDATE(),NULL,NULL);
GO
INSERT INTO [dbo].[tbMunicipios] 
VALUES('0611','PESPIRE','06',1,GETDATE(),NULL,NULL);
GO
INSERT INTO [dbo].[tbMunicipios] 
VALUES('0612','SAN ANTONIO DE FLORES','06',1,GETDATE(),NULL,NULL);
GO
INSERT INTO [dbo].[tbMunicipios]
VALUES('0613','SAN ISIDRO','06',1,GETDATE(),NULL,NULL);
GO
INSERT INTO [dbo].[tbMunicipios]
VALUES('0614','SAN JOSE','06',1,GETDATE(),NULL,NULL);
GO
INSERT INTO [dbo].[tbMunicipios]
VALUES('0615','SAN MARCOS DE COLÓN','06',1,GETDATE(),NULL,NULL);
GO
INSERT INTO [dbo].[tbMunicipios] 
VALUES('0616','SANTA ANA DE YUSGUARE,','06',1,GETDATE(),NULL,NULL);
GO
INSERT INTO [dbo].[tbMunicipios]
VALUES('0701','YUSCARÁN','07',1,GETDATE(),NULL,NULL);
GO
INSERT INTO [dbo].[tbMunicipios]
VALUES('0702','ALAUCA','07',1,GETDATE(),NULL,NULL);
GO
INSERT INTO [dbo].[tbMunicipios]
VALUES('0703','DANLÍ','07',1,GETDATE(),NULL,NULL);
GO
INSERT INTO [dbo].[tbMunicipios] 
VALUES('0704','EL PARAÍSO','07',1,GETDATE(),NULL,NULL);
GO
INSERT INTO [dbo].[tbMunicipios] 
VALUES('0705','"GUINOPE','07',1,GETDATE(),NULL,NULL);
GO
INSERT INTO [dbo].[tbMunicipios]
VALUES('0706','JACALEAPA','07',1,GETDATE(),NULL,NULL);
GO
INSERT INTO [dbo].[tbMunicipios]
VALUES('0707','LIURE','07',1,GETDATE(),NULL,NULL);
GO
INSERT INTO [dbo].[tbMunicipios]
VALUES('0708','MOROCELÁ','07',1,GETDATE(),NULL,NULL);
GO
INSERT INTO [dbo].[tbMunicipios] 
VALUES('0709','OROPOLÁ','07',1,GETDATE(),NULL,NULL);
GO
INSERT INTO [dbo].[tbMunicipios]
VALUES('0710','POTRERILLOS','07',1,GETDATE(),NULL,NULL);
GO
INSERT INTO [dbo].[tbMunicipios]
VALUES('0711','S. ANTONIO DE FLORES','07',1,GETDATE(),NULL,NULL);
GO
INSERT INTO [dbo].[tbMunicipios]
VALUES('0712','SAN LUCAS','07',1,GETDATE(),NULL,NULL);
GO
INSERT INTO [dbo].[tbMunicipios]
VALUES('0713','SAN MATÍAS','07',1,GETDATE(),NULL,NULL);
GO
INSERT INTO [dbo].[tbMunicipios]
VALUES('0714','SOLEDAD','07',1,GETDATE(),NULL,NULL);
GO
INSERT INTO [dbo].[tbMunicipios]
VALUES('0715','TEUPASENTI','07',1,GETDATE(),NULL,NULL);
GO
INSERT INTO [dbo].[tbMunicipios]
VALUES('0716','TEXIGUAT','07',1,GETDATE(),NULL,NULL);
GO
INSERT INTO [dbo].[tbMunicipios]
VALUES('0717','VADO ANCHO','07',1,GETDATE(),NULL,NULL);
GO
INSERT INTO [dbo].[tbMunicipios]
VALUES('0718','YAUYUPE','07',1,GETDATE(),NULL,NULL);
GO
INSERT INTO [dbo].[tbMunicipios]
VALUES('0719','TROJES','07',1,GETDATE(),NULL,NULL);
GO
INSERT INTO [dbo].[tbMunicipios]
VALUES('0801','DISTRITO CENTRAL','08',1,GETDATE(),NULL,NULL);
GO
INSERT INTO [dbo].[tbMunicipios] 
VALUES('0802','ALUBAR?N','08',1,GETDATE(),NULL,NULL);
GO
INSERT INTO [dbo].[tbMunicipios] 
VALUES('0803','CEDROS','08',1,GETDATE(),NULL,NULL);
GO
INSERT INTO [dbo].[tbMunicipios]
VALUES('0804','CURARÓN','08',1,GETDATE(),NULL,NULL);
GO
INSERT INTO [dbo].[tbMunicipios]
VALUES('0805','EL PROVENIR','08',1,GETDATE(),NULL,NULL);
GO
INSERT INTO [dbo].[tbMunicipios]
VALUES('0806','GUAIMACA','08',1,GETDATE(),NULL,NULL);
GO
INSERT INTO [dbo].[tbMunicipios]
VALUES('0807','LA LIBERTAD','08',1,GETDATE(),NULL,NULL);
GO
INSERT INTO [dbo].[tbMunicipios] 
VALUES('0808','LA VENTA','08',1,GETDATE(),NULL,NULL);
GO
INSERT INTO [dbo].[tbMunicipios] 
VALUES('0809','LEPATERIQUE','08',1,GETDATE(),NULL,NULL);
GO
INSERT INTO [dbo].[tbMunicipios]
VALUES('0810','MARAITA','08',1,GETDATE(),NULL,NULL);
GO
INSERT INTO [dbo].[tbMunicipios]
VALUES('0811','MARALE','08',1,GETDATE(),NULL,NULL);
GO
INSERT INTO [dbo].[tbMunicipios] 
VALUES('0812','NUEVA AREMNIA','08',1,GETDATE(),NULL,NULL);
GO
INSERT INTO [dbo].[tbMunicipios]
VALUES('0813','OJOJONA','08',1,GETDATE(),NULL,NULL);
GO
INSERT INTO [dbo].[tbMunicipios] 
VALUES('0814','ORICA','08',1,GETDATE(),NULL,NULL);
GO
INSERT INTO [dbo].[tbMunicipios] 
VALUES('0815','REITOCA','08',1,GETDATE(),NULL,NULL);
GO
INSERT INTO [dbo].[tbMunicipios]
VALUES('0816','SABANA GRANDE','08',1,GETDATE(),NULL,NULL);
GO
INSERT INTO [dbo].[tbMunicipios]
VALUES('0817','S. ANTONIO DE ORIENTE','08',1,GETDATE(),NULL,NULL);
GO
INSERT INTO [dbo].[tbMunicipios] 
VALUES('0818','SAN BUENAVENTURA','08',1,GETDATE(),NULL,NULL);
GO
INSERT INTO [dbo].[tbMunicipios] 
VALUES('0819','SAN IGNACIO','08',1,GETDATE(),NULL,NULL);
GO
INSERT INTO [dbo].[tbMunicipios] 
VALUES('0820','SAN JUAN DE FLORES','08',1,GETDATE(),NULL,NULL);
GO
INSERT INTO [dbo].[tbMunicipios]
VALUES('0821','SAN MIGUELITO','08',1,GETDATE(),NULL,NULL);
GO
INSERT INTO [dbo].[tbMunicipios]
VALUES('0822','SANTA ANA','08',1,GETDATE(),NULL,NULL);
GO
INSERT INTO [dbo].[tbMunicipios]
VALUES('0823','SANTA LUCÍA','08',1,GETDATE(),NULL,NULL);
GO
INSERT INTO [dbo].[tbMunicipios]
VALUES('0824','TALANGA','08',1,GETDATE(),NULL,NULL);
GO
INSERT INTO [dbo].[tbMunicipios]
VALUES('0825','TATUMBLA','08',1,GETDATE(),NULL,NULL);
GO
INSERT INTO [dbo].[tbMunicipios]
VALUES('0826','VALLE DE ÁNGELES','08',1,GETDATE(),NULL,NULL);
GO
INSERT INTO [dbo].[tbMunicipios]
VALUES('0827','VILLA DE SAN FRANCISCO','08',1,GETDATE(),NULL,NULL);
GO
INSERT INTO [dbo].[tbMunicipios]
VALUES('0828','VALLECILLO','08',1,GETDATE(),NULL,NULL);
GO
INSERT INTO [dbo].[tbMunicipios]
VALUES('0901','PUERTO LEMPIRA','09',1,GETDATE(),NULL,NULL);
GO
INSERT INTO [dbo].[tbMunicipios]
VALUES('0902','BRUS LAGUNA','09',1,GETDATE(),NULL,NULL);
GO
INSERT INTO [dbo].[tbMunicipios]
VALUES('0903','AHUAS','09',1,GETDATE(),NULL,NULL);
GO
INSERT INTO [dbo].[tbMunicipios]
VALUES('0904','JUAN FRANCISCO BULNES','09',1,GETDATE(),NULL,NULL);
GO
INSERT INTO [dbo].[tbMunicipios]
VALUES('0905','VILLEDA MORALES','09',1,GETDATE(),NULL,NULL);
GO
INSERT INTO [dbo].[tbMunicipios] 
VALUES('0906','WAMPUSIRPE','09',1,GETDATE(),NULL,NULL);
GO
INSERT INTO [dbo].[tbMunicipios] 
VALUES('1001','LA ESPERANZA','10',1,GETDATE(),NULL,NULL);
GO
INSERT INTO [dbo].[tbMunicipios]
VALUES('1002','CAMASCA','10',1,GETDATE(),NULL,NULL);
GO
INSERT INTO [dbo].[tbMunicipios]
VALUES('1003','COLOMONCAGUA','10',1,GETDATE(),NULL,NULL);
GO
INSERT INTO [dbo].[tbMunicipios] 
VALUES('1004','CONCEPCIÓN','10',1,GETDATE(),NULL,NULL);
GO
INSERT INTO [dbo].[tbMunicipios]
VALUES('1005','DOLORES','10',1,GETDATE(),NULL,NULL);
GO
INSERT INTO [dbo].[tbMunicipios]
VALUES('1006','INTIBUCÁ','10',1,GETDATE(),NULL,NULL);
GO
INSERT INTO [dbo].[tbMunicipios]
VALUES('1007','JESÚS DE OTORO','10',1,GETDATE(),NULL,NULL);
GO
INSERT INTO [dbo].[tbMunicipios]
VALUES('1008','MAGDALENA','10',1,GETDATE(),NULL,NULL);
GO
INSERT INTO [dbo].[tbMunicipios]
VALUES('1009','MASAGUARA','10',1,GETDATE(),NULL,NULL);
GO
INSERT INTO [dbo].[tbMunicipios]
VALUES('1010','SAN ANTONIO','10',1,GETDATE(),NULL,NULL);
GO
INSERT INTO [dbo].[tbMunicipios] 
VALUES('1011','SAN ISIDRO','10',1,GETDATE(),NULL,NULL);
GO
INSERT INTO [dbo].[tbMunicipios]
VALUES('1012','SAN JUAN DE FLORES','10',1,GETDATE(),NULL,NULL);
GO
INSERT INTO [dbo].[tbMunicipios] 
VALUES('1013','SAN MARCOS DE LA SIERRA','10',1,GETDATE(),NULL,NULL);
GO
INSERT INTO [dbo].[tbMunicipios]
VALUES('1014','SAN MIGUEL GUANCAPLA','10',1,GETDATE(),NULL,NULL);
GO
INSERT INTO [dbo].[tbMunicipios]
VALUES('1015','SANTA LUCÍA','10',1,GETDATE(),NULL,NULL);
GO
INSERT INTO [dbo].[tbMunicipios]
VALUES('1016','YAMARANGUILA','10',1,GETDATE(),NULL,NULL);
GO
INSERT INTO [dbo].[tbMunicipios] 
VALUES('1017','S. FRANCISCO OPALACA','10',1,GETDATE(),NULL,NULL);
GO
INSERT INTO [dbo].[tbMunicipios]
VALUES('1101','ROATÁN','11',1,GETDATE(),NULL,NULL);
GO
INSERT INTO [dbo].[tbMunicipios]
VALUES('1102','GUANAJA','11',1,GETDATE(),NULL,NULL);
GO
INSERT INTO [dbo].[tbMunicipios]
VALUES('1103','JOSÉ SANTO GUARDIOLA','11',1,GETDATE(),NULL,NULL);
GO
INSERT INTO [dbo].[tbMunicipios]
VALUES('1104','UTILA','11',1,GETDATE(),NULL,NULL);
GO
INSERT INTO [dbo].[tbMunicipios]
VALUES('1201','LA PAZ','12',1,GETDATE(),NULL,NULL);
GO
INSERT INTO [dbo].[tbMunicipios] 
VALUES('1202','AGUANQUETERIQUE','12',1,GETDATE(),NULL,NULL);
GO
INSERT INTO [dbo].[tbMunicipios] 
VALUES('1203','CABAÑAS','12',1,GETDATE(),NULL,NULL);
GO
INSERT INTO [dbo].[tbMunicipios]
VALUES('1204','CANE','12',1,GETDATE(),NULL,NULL);
GO
INSERT INTO [dbo].[tbMunicipios] 
VALUES('1205','CHINACLA','12',1,GETDATE(),NULL,NULL);
GO
INSERT INTO [dbo].[tbMunicipios] 
VALUES('1206','GUAJIQUIRO','12',1,GETDATE(),NULL,NULL);
GO
INSERT INTO [dbo].[tbMunicipios]
VALUES('1207','LAUTERIQUE','12',1,GETDATE(),NULL,NULL);
GO
INSERT INTO [dbo].[tbMunicipios]
VALUES('1208','MARCALA','12',1,GETDATE(),NULL,NULL);
GO
INSERT INTO [dbo].[tbMunicipios]
VALUES('1209','MERCEDES DE ORIENTE','12',1,GETDATE(),NULL,NULL);
GO
INSERT INTO [dbo].[tbMunicipios] 
VALUES('1210','OPATORO','12',1,GETDATE(),NULL,NULL);
GO
INSERT INTO [dbo].[tbMunicipios] 
VALUES('1211','S. ANTONIO DEL NORTE','12',1,GETDATE(),NULL,NULL);
GO
INSERT INTO [dbo].[tbMunicipios]
VALUES('1212','SAN JOSÉ','12',1,GETDATE(),NULL,NULL);
GO
INSERT INTO [dbo].[tbMunicipios]
VALUES('1213','SAN JUAN','12',1,GETDATE(),NULL,NULL);
GO
INSERT INTO [dbo].[tbMunicipios] 
VALUES('1214','SAN PEDRO DE TUTULE','12',1,GETDATE(),NULL,NULL);
GO
INSERT INTO [dbo].[tbMunicipios]
VALUES('1215','SANTA ANA','12',1,GETDATE(),NULL,NULL);
GO
INSERT INTO [dbo].[tbMunicipios]
VALUES('1216','SANTA ELENA','12',1,GETDATE(),NULL,NULL);
GO
INSERT INTO [dbo].[tbMunicipios] 
VALUES('1217','SANTA MARÍA','12',1,GETDATE(),NULL,NULL);
GO
INSERT INTO [dbo].[tbMunicipios] 
VALUES('1218','SANTIA PURINGLA','12',1,GETDATE(),NULL,NULL);
GO
INSERT INTO [dbo].[tbMunicipios]
VALUES('1219','YARULA','12',1,GETDATE(),NULL,NULL);
GO
INSERT INTO [dbo].[tbMunicipios] 
VALUES('1301','GRACIAS','13',1,GETDATE(),NULL,NULL);
GO
INSERT INTO [dbo].[tbMunicipios]
VALUES('1302','BELÉN','13',1,GETDATE(),NULL,NULL);
GO
INSERT INTO [dbo].[tbMunicipios]
VALUES('1303','CANDELARIA','13',1,GETDATE(),NULL,NULL);
GO
INSERT INTO [dbo].[tbMunicipios]
VALUES('1304','COLOLACA','13',1,GETDATE(),NULL,NULL);
GO
INSERT INTO [dbo].[tbMunicipios]
VALUES('1305','ERANDIQUE','13',1,GETDATE(),NULL,NULL);
GO
INSERT INTO [dbo].[tbMunicipios]
VALUES('1306','GUALCINSE','13',1,GETDATE(),NULL,NULL);
GO
INSERT INTO [dbo].[tbMunicipios]
VALUES('1307','GUARITA','13',1,GETDATE(),NULL,NULL);
GO
INSERT INTO [dbo].[tbMunicipios]
VALUES('1308','LA CAMPA','13',1,GETDATE(),NULL,NULL);
GO
INSERT INTO [dbo].[tbMunicipios]
VALUES('1309','LA IGUALA','13',1,GETDATE(),NULL,NULL);
GO
INSERT INTO [dbo].[tbMunicipios] 
VALUES('1310','LAS FLORES','13',1,GETDATE(),NULL,NULL);
GO
INSERT INTO [dbo].[tbMunicipios] 
VALUES('1311','LA UNIÓN','13',1,GETDATE(),NULL,NULL);
GO
INSERT INTO [dbo].[tbMunicipios]
VALUES('1312','LA VIRTUD','13',1,GETDATE(),NULL,NULL);
GO
INSERT INTO [dbo].[tbMunicipios] 
VALUES('1313','LEPAERA','13',1,GETDATE(),NULL,NULL);
GO
INSERT INTO [dbo].[tbMunicipios] 
VALUES('1314','MAPULACA','13',1,GETDATE(),NULL,NULL);
GO
INSERT INTO [dbo].[tbMunicipios]
VALUES('1315','PIRAERA','13',1,GETDATE(),NULL,NULL);
GO
INSERT INTO [dbo].[tbMunicipios] 
VALUES('1316','SAN ANDRÉS','13',1,GETDATE(),NULL,NULL);
GO
INSERT INTO [dbo].[tbMunicipios] 
VALUES('1317','SAN FRANCISCO','13',1,GETDATE(),NULL,NULL);
GO
INSERT INTO [dbo].[tbMunicipios]
VALUES('1318','SAN JUAN GUARITA','13',1,GETDATE(),NULL,NULL);
GO
INSERT INTO [dbo].[tbMunicipios] 
VALUES('1319','SAN MANUEL COLOHETE','13',1,GETDATE(),NULL,NULL);
GO
INSERT INTO [dbo].[tbMunicipios] 
VALUES('1320','SAN RAFAEL','13',1,GETDATE(),NULL,NULL);
GO
INSERT INTO [dbo].[tbMunicipios]
VALUES('1321','SAN SEBASTIÁN','13',1,GETDATE(),NULL,NULL);
GO
INSERT INTO [dbo].[tbMunicipios] 
VALUES('1322','SANTA CRUZ','13',1,GETDATE(),NULL,NULL);
GO
INSERT INTO [dbo].[tbMunicipios]
VALUES('1323','TALGUA','13',1,GETDATE(),NULL,NULL);
GO
INSERT INTO [dbo].[tbMunicipios] 
VALUES('1324','TAMBLA','13',1,GETDATE(),NULL,NULL);
GO
INSERT INTO [dbo].[tbMunicipios]
VALUES('1325','TOMALA','13',1,GETDATE(),NULL,NULL);
GO
INSERT INTO [dbo].[tbMunicipios] 
VALUES('1326','VALLADOLID','13',1,GETDATE(),NULL,NULL);
GO
INSERT INTO [dbo].[tbMunicipios]
VALUES('1327','VIRGINIA','13',1,GETDATE(),NULL,NULL);
GO
INSERT INTO [dbo].[tbMunicipios] 
VALUES('1328','S. MARCOS DE CAIQUÁN','13',1,GETDATE(),NULL,NULL);
GO
INSERT INTO [dbo].[tbMunicipios] 
VALUES('1401','NUEVA OCOTEPEQUE','14',1,GETDATE(),NULL,NULL);
GO
INSERT INTO [dbo].[tbMunicipios] 
VALUES('1402','BELÉN GUALCHO','14',1,GETDATE(),NULL,NULL);
GO
INSERT INTO [dbo].[tbMunicipios] 
VALUES('1403','CONCEPCIÓN','14',1,GETDATE(),NULL,NULL);
GO
INSERT INTO [dbo].[tbMunicipios] 
VALUES('1404','DOLORES MERENDÓN','14',1,GETDATE(),NULL,NULL);
GO
INSERT INTO [dbo].[tbMunicipios] 
VALUES('1405','FRATERNIDAD','14',1,GETDATE(),NULL,NULL);
GO
INSERT INTO [dbo].[tbMunicipios]
VALUES('1406','LA ENCARNACIÓN','14',1,GETDATE(),NULL,NULL);
GO
INSERT INTO [dbo].[tbMunicipios]
VALUES('1407','LA LABOR','14',1,GETDATE(),NULL,NULL);
GO
INSERT INTO [dbo].[tbMunicipios]
VALUES('1408','LUCERNA','14',1,GETDATE(),NULL,NULL);
GO
INSERT INTO [dbo].[tbMunicipios] 
VALUES('1409','MERCEDES','14',1,GETDATE(),NULL,NULL);
GO
INSERT INTO [dbo].[tbMunicipios]
VALUES('1410','MERCEDES','14',1,GETDATE(),NULL,NULL);
GO
INSERT INTO [dbo].[tbMunicipios]
VALUES('1411','S. FRANCISCO DEL VALLE','14',1,GETDATE(),NULL,NULL);
GO
INSERT INTO [dbo].[tbMunicipios]
VALUES('1412','SAN JORGE','14',1,GETDATE(),NULL,NULL);
 GO
INSERT INTO [dbo].[tbMunicipios] 
VALUES('1413','SAN MARCOS','14',1,GETDATE(),NULL,NULL);
GO
INSERT INTO [dbo].[tbMunicipios] 
VALUES('1414','SANTA FE','14',1,GETDATE(),NULL,NULL);
GO
INSERT INTO [dbo].[tbMunicipios] 
VALUES('1415','SENSENTI','14',1,GETDATE(),NULL,NULL);
GO
INSERT INTO [dbo].[tbMunicipios]
VALUES('1416','SINUAPA','14',1,GETDATE(),NULL,NULL);
GO
INSERT INTO [dbo].[tbMunicipios] 
VALUES('1501','JUTICALPA','15',1,GETDATE(),NULL,NULL);
GO
INSERT INTO [dbo].[tbMunicipios] 
VALUES('1502','CAMPAMENTO','15',1,GETDATE(),NULL,NULL);
GO
INSERT INTO [dbo].[tbMunicipios] 
VALUES('1503','CATACAMAS','15',1,GETDATE(),NULL,NULL);
GO
INSERT INTO [dbo].[tbMunicipios] 
VALUES('1504','CONCORDIA','15',1,GETDATE(),NULL,NULL);
GO
INSERT INTO [dbo].[tbMunicipios]
VALUES('1505','DULCE NOMBRE DE CULMÁ','15',1,GETDATE(),NULL,NULL);
GO
INSERT INTO [dbo].[tbMunicipios]
VALUES('1506','EL ROSARIO','15',1,GETDATE(),NULL,NULL);
GO
INSERT INTO [dbo].[tbMunicipios] 
VALUES('1507','ESQUIPULAS DEL NORTE','15',1,GETDATE(),NULL,NULL);
GO
INSERT INTO [dbo].[tbMunicipios] 
VALUES('1508','GUALACO','15',1,GETDATE(),NULL,NULL);
GO
INSERT INTO [dbo].[tbMunicipios] 
VALUES('1509','GUARIZAMA','15',1,GETDATE(),NULL,NULL);
GO
INSERT INTO [dbo].[tbMunicipios]
VALUES('1510','GUATA','15',1,GETDATE(),NULL,NULL);
GO
INSERT INTO [dbo].[tbMunicipios]
VALUES('1511','GUAYAPE','15',1,GETDATE(),NULL,NULL);
GO
INSERT INTO [dbo].[tbMunicipios]
VALUES('1512','JANO','15',1,GETDATE(),NULL,NULL);
GO
INSERT INTO [dbo].[tbMunicipios]
VALUES('1513','LA UNIÓN','15',1,GETDATE(),NULL,NULL);
GO
INSERT INTO [dbo].[tbMunicipios] 
VALUES('1514','MANGULILE','15',1,GETDATE(),NULL,NULL);
GO
INSERT INTO [dbo].[tbMunicipios]
VALUES('1515','MANTO','15',1,GETDATE(),NULL,NULL);
GO
INSERT INTO [dbo].[tbMunicipios] 
VALUES('1516','SALAMÉ','15',1,GETDATE(),NULL,NULL);
GO
INSERT INTO [dbo].[tbMunicipios] 
VALUES('1517','SAN ESTEBAN','15',1,GETDATE(),NULL,NULL);
GO
INSERT INTO [dbo].[tbMunicipios]
VALUES('1518','S. FRANCISCO DE BECERRA','15',1,GETDATE(),NULL,NULL);
GO
INSERT INTO [dbo].[tbMunicipios] 
VALUES('1519','S. FRANCISCO DE LA PAZ','15',1,GETDATE(),NULL,NULL);
GO
INSERT INTO [dbo].[tbMunicipios]
VALUES('1520','SANTA MARÍA DEL REAL','15',1,GETDATE(),NULL,NULL);
GO
INSERT INTO [dbo].[tbMunicipios]
VALUES('1521','SILCA','15',1,GETDATE(),NULL,NULL);
GO
INSERT INTO [dbo].[tbMunicipios] 
VALUES('1522','YOCÓN','15',1,GETDATE(),NULL,NULL);
GO
INSERT INTO [dbo].[tbMunicipios] 
VALUES('1523','FROYLAN TURCIOS','15',1,GETDATE(),NULL,NULL);
GO
INSERT INTO [dbo].[tbMunicipios] 
VALUES('1601','SANTA BÁRBARA','16',1,GETDATE(),NULL,NULL);
GO
INSERT INTO [dbo].[tbMunicipios]
VALUES('1602','ARADA','16',1,GETDATE(),NULL,NULL);
GO
INSERT INTO [dbo].[tbMunicipios] 
VALUES('1603','ATIMA','16',1,GETDATE(),NULL,NULL);
GO
INSERT INTO [dbo].[tbMunicipios] 
VALUES('1604','AZACUALPA','16',1,GETDATE(),NULL,NULL);
GO
INSERT INTO [dbo].[tbMunicipios] 
VALUES('1605','CEGUACA','16',1,GETDATE(),NULL,NULL);
GO
INSERT INTO [dbo].[tbMunicipios] 
VALUES('1606','COLINAS','16',1,GETDATE(),NULL,NULL);
GO
INSERT INTO [dbo].[tbMunicipios]
VALUES('1607','CONCEPCIÓN DEL NORTE','16',1,GETDATE(),NULL,NULL);
GO
INSERT INTO [dbo].[tbMunicipios]
VALUES('1608','CONCEPCIÓN DEL SUR','16',1,GETDATE(),NULL,NULL);
GO
INSERT INTO [dbo].[tbMunicipios]
VALUES('1609','CHINDA','16',1,GETDATE(),NULL,NULL);
GO
INSERT INTO [dbo].[tbMunicipios] 
VALUES('1610','EL NÓSPERO','16',1,GETDATE(),NULL,NULL);
GO
INSERT INTO [dbo].[tbMunicipios]
VALUES('1611','GUALALA','16',1,GETDATE(),NULL,NULL);
GO
INSERT INTO [dbo].[tbMunicipios]
VALUES('1612','ILAMA','16',1,GETDATE(),NULL,NULL);
GO
INSERT INTO [dbo].[tbMunicipios]
VALUES('1613','MACUELIZO','16',1,GETDATE(),NULL,NULL);
GO
INSERT INTO [dbo].[tbMunicipios]
VALUES('1614','NARANJITO','16',1,GETDATE(),NULL,NULL);
GO
INSERT INTO [dbo].[tbMunicipios]
VALUES('1615','NUEVA CELILAC','16',1,GETDATE(),NULL,NULL);
GO
INSERT INTO [dbo].[tbMunicipios] 
VALUES('1616','PETOA','16',1,GETDATE(),NULL,NULL);
GO
INSERT INTO [dbo].[tbMunicipios]
VALUES('1617','PROTECCIÓN','16',1,GETDATE(),NULL,NULL);
GO
INSERT INTO [dbo].[tbMunicipios]
VALUES('1618','QUIMISTÁN','16',1,GETDATE(),NULL,NULL);
GO
INSERT INTO [dbo].[tbMunicipios]
VALUES('1619','S. FRANCISCO DE OJUERA','16',1,GETDATE(),NULL,NULL);
GO
INSERT INTO [dbo].[tbMunicipios] 
VALUES('1620','SAN LUIS','16',1,GETDATE(),NULL,NULL);
GO
INSERT INTO [dbo].[tbMunicipios]
VALUES('1621','SAN MARCOS','16',1,GETDATE(),NULL,NULL);
GO
INSERT INTO [dbo].[tbMunicipios]
VALUES('1622','SAN NICOLÁS','16',1,GETDATE(),NULL,NULL);
GO
INSERT INTO [dbo].[tbMunicipios]
VALUES('1623','SAN PEDRO ZACAPA','16',1,GETDATE(),NULL,NULL);
GO
INSERT INTO [dbo].[tbMunicipios]
VALUES('1624','SANTA RITA','16',1,GETDATE(),NULL,NULL);
GO
INSERT INTO [dbo].[tbMunicipios]
VALUES('1625','SAN VICENTE SENTENARIO','16',1,GETDATE(),NULL,NULL);
GO
INSERT INTO [dbo].[tbMunicipios] 
VALUES('1626','TRINIDAD','16',1,GETDATE(),NULL,NULL);
GO
INSERT INTO [dbo].[tbMunicipios] 
VALUES('1627','LAS VEGAS','16',1,GETDATE(),NULL,NULL);
GO
INSERT INTO [dbo].[tbMunicipios] 
VALUES('1628','NUEVA FRONTERA','16',1,GETDATE(),NULL,NULL);
GO
INSERT INTO [dbo].[tbMunicipios] 
VALUES('1701','NACAOME','17',1,GETDATE(),NULL,NULL);
GO
INSERT INTO [dbo].[tbMunicipios]
VALUES('1702','ALIANZA','17',1,GETDATE(),NULL,NULL);
GO
INSERT INTO [dbo].[tbMunicipios]
VALUES('1703','AMAPALA','17',1,GETDATE(),NULL,NULL);
GO
INSERT INTO [dbo].[tbMunicipios] 
VALUES('1704','ARAMECINA','17',1,GETDATE(),NULL,NULL);
GO
INSERT INTO [dbo].[tbMunicipios]
VALUES('1705','CARIDAD','17',1,GETDATE(),NULL,NULL);
GO
INSERT INTO [dbo].[tbMunicipios]
VALUES('1706','ASCORÁN','17',1,GETDATE(),NULL,NULL);
GO
INSERT INTO [dbo].[tbMunicipios] 
VALUES('1707','LANGUE','17',1,GETDATE(),NULL,NULL);
GO
INSERT INTO [dbo].[tbMunicipios] 
VALUES('1708','SAN FCO. DE CORAY','17',1,GETDATE(),NULL,NULL);
GO
INSERT INTO [dbo].[tbMunicipios] 
VALUES('1709','SAN LORENZO','17',1,GETDATE(),NULL,NULL);
GO
INSERT INTO [dbo].[tbMunicipios] 
VALUES('1801','YORO','18',1,GETDATE(),NULL,NULL);
GO
INSERT INTO [dbo].[tbMunicipios] 
VALUES('1802','ARENAL','18',1,GETDATE(),NULL,NULL);
GO
INSERT INTO [dbo].[tbMunicipios]
VALUES('1803','EL NEGRITA','18',1,GETDATE(),NULL,NULL);
GO
INSERT INTO [dbo].[tbMunicipios] 
VALUES('1804','EL PROGRESO','18',1,GETDATE(),NULL,NULL);
GO
INSERT INTO [dbo].[tbMunicipios]
VALUES('1805','JOCÓN','18',1,GETDATE(),NULL,NULL);
GO
INSERT INTO [dbo].[tbMunicipios]
VALUES('1806','MORAZÁN','18',1,GETDATE(),NULL,NULL);
GO
INSERT INTO [dbo].[tbMunicipios] 
VALUES('1807','OLANCHITO','18',1,GETDATE(),NULL,NULL);
GO
INSERT INTO [dbo].[tbMunicipios] 
VALUES('1808','SANTA RITA','18',1,GETDATE(),NULL,NULL);
GO
INSERT INTO [dbo].[tbMunicipios]
VALUES('1809','SULACO','18',1,GETDATE(),NULL,NULL);
GO
INSERT INTO [dbo].[tbMunicipios]
VALUES('1810','VICTORIA','18',1,GETDATE(),NULL,NULL);
GO
INSERT INTO [dbo].[tbMunicipios] 
VALUES('1811','YORITO','18',1,GETDATE(),NULL,NULL);


--INSERTS tbDirecciones
INSERT INTO [dbo].[tbDirecciones]
VALUES('Calle rosario','Numero 1','Colonia Rosario','0501',1,GETDATE(),NULL,NULL);
GO
INSERT INTO [dbo].[tbDirecciones]
VALUES('Calle Villeda','Numero 5','Colonia Estrada','0502',1,GETDATE(),NULL,NULL);
GO
INSERT INTO [dbo].[tbDirecciones]
VALUES('Calle Armando Cierra','Numero 8','Residencial Cierra 2','0704',1,GETDATE(),NULL,NULL);
GO
INSERT INTO [dbo].[tbDirecciones]
VALUES('Calle Aventura rosa','Numero 2','Colonia Ventura','0716',1,GETDATE(),NULL,NULL);
GO
INSERT INTO [dbo].[tbDirecciones]
VALUES('Calle Marco Ventura','Numero 1','Aldea Maestra','1219',1,GETDATE(),NULL,NULL);
GO
INSERT INTO [dbo].[tbDirecciones]
VALUES('Calle Caballero','Numero 9','Residencial Caballero','1504',1,GETDATE(),NULL,NULL);
GO
INSERT INTO [dbo].[tbDirecciones]
VALUES('Calle Unah, avenidad durango','Numero 1','Colonia Durango','1617',1,GETDATE(),NULL,NULL);
GO
INSERT INTO [dbo].[tbDirecciones]
VALUES('Calle Martinez','Numero 5','Colonia Martinez','1801',1,GETDATE(),NULL,NULL);
GO
INSERT INTO [dbo].[tbDirecciones]
VALUES('Calle Dominguez','Numero 1','Colonia Dominguez','1405',1,GETDATE(),NULL,NULL);
GO
INSERT INTO [dbo].[tbDirecciones]
VALUES('Calle Planeta, avenida 12','Numero 10','Colonia Planeta','0512',1,GETDATE(),NULL,NULL);
GO

--INSERTS tbTipoIdentificacion
INSERT INTO tbTipoIdentificacion
VALUES('RTN', 1, GETDATE(), null, null);
GO

INSERT INTO tbTipoIdentificacion
VALUES('DNI', 1, GETDATE(), null, null);
GO

INSERT INTO tbTipoIdentificacion
VALUES('Pasaporte', 1, GETDATE(), null, null);
GO

INSERT INTO tbTipoIdentificacion
VALUES('N/A', 1, GETDATE(), null, null);
GO


--INSERTS tbEstadosCiviles
INSERT INTO tbEstadosCiviles
VALUES ('S', 'Soltero(a)', 1, GETDATE(), null, null);
GO

INSERT INTO tbEstadosCiviles
VALUES ('C', 'Casado(a)', 1, GETDATE(), null, null);
GO

INSERT INTO tbEstadosCiviles
VALUES ('V', 'Viudo(a)', 1, GETDATE(), null, null);
GO

INSERT INTO tbEstadosCiviles
VALUES ('D', 'Divorciado(a)', 1, GETDATE(), null, null);
GO

INSERT INTO tbEstadosCiviles
VALUES ('U', 'Union Libre', 1, GETDATE(), null, null);
GO


--INSERTS tbEmpleados
INSERT INTO tbEmpleados
VALUES('1884200105691', 'Ian Alexander', 'Hernandez Escobar', 'M', 'S',1,'10-22-2001', '9471-3500', 'ianh8902@gmail.com', 1, 1, GETDATE(), NULL, NULL);
GO

INSERT INTO tbEmpleados
VALUES('0501200209630', 'Axel Dario', 'Rivera Murillo', 'M', 'C', 2, '03-05-2002', '3165-0161', 'axeldm05@gmail.com', 1, 1, GETDATE(), NULL, NULL);
GO

INSERT INTO tbEmpleados
VALUES('0613199817853', 'Jose Miguel', 'Murcia Castro', 'M', 'C',3, '03-14-1998', '3831-3029', 'miguel.castro@gmail.com', 1, 1,GETDATE(), NULL, NULL);
GO

INSERT INTO tbEmpleados
VALUES('1801200000010', 'Noe Edil', 'Barnica Ramos', 'M', 'S',4, '05-19-2000','8925-8314', 'noe3@gmail.com', 1, 1 ,GETDATE(), NULL, NULL);
GO

INSERT INTO tbEmpleados
VALUES('0501200110543', 'Loany Michelle', 'Paz Guerra', 'F', 'V',5 ,'03-27-2001', '8586-2314', 'loany15@gmail.com', 1,1, GETDATE(), NULL, NULL);
GO

INSERT INTO tbEmpleados
VALUES('0409199934517', 'Daniel Enrique', 'Matamoros De la O', 'M', 'D',6,'04-30-1999','9991-4436', 'enrique.99@gmail.com', 1, 1 ,GETDATE(), NULL, NULL);
GO

INSERT INTO tbEmpleados
VALUES('0503200207911', 'Andrea Nicolle', 'Crivelli Zamorano', 'F', 'S',7, '10-29-2002', '3915-1658', 'nicolle29@gmail.com', 1, 1 ,GETDATE(), NULL, NULL);
GO

INSERT INTO tbEmpleados
VALUES('0607199301185', 'Mágdaly', 'Zúniga Alvarado', 'F', 'C',8 ,'11-25-1993', '3339-6645', 'magdalyz22@gmail.com', 1,1 , GETDATE(), NULL, NULL);
GO

INSERT INTO tbEmpleados
VALUES('0501200506681', 'Javier Eduardo', 'López', 'M', 'V',9 ,'03-09-2005', '9821-4819', 'javslopez7@gmail.com', 1, 1 ,GETDATE(), NULL, NULL);
GO

INSERT INTO tbEmpleados
VALUES('1615200500062', 'Juan David', 'Molina Sagastume', 'M', 'D', 10, '02-22-2005', '9451-9231', 'juanmolinasagastume@gmail.com', 1, 1 ,GETDATE(), NULL, NULL);
GO

INSERT INTO tbEmpleados
VALUES('1615200500069', 'Eder Jesus', 'Sanchez Mantinez', 'M', 'C',1, '04-22-2002', '9858-7548', 'eder85@hotmail.com', 1, 1 ,GETDATE(), NULL, NULL);
GO

INSERT INTO tbEmpleados
VALUES ('1615201504069', 'Mario Adalid', 'Escobar Flores', 'M', 'C',2,'10-05-2002','8478-6474', 'marioescobar87@hotmail.com', 1, 1 ,GETDATE(), NULL, NULL);
GO

INSERT INTO tbEmpleados
VALUES ('1154200504869', 'Esdra', 'Cerna', 'F', 'S',3,'10-05-1986','8745-9885', 'esdraCerna45@hotmail.com', 1, 1 ,GETDATE(), NULL, NULL);
GO

INSERT INTO tbEmpleados
VALUES ('1804200804125', 'Giovanny Antonio', 'Hernandez Escobar', 'M', 'C',4,'10-11-2001','8478-6474', 'gioantony@gmail.com', 1, 1 ,GETDATE(), NULL, NULL);
GO

INSERT INTO tbEmpleados
VALUES ('1804200305214', 'Edgardo Alexander', 'Sandoval Diaz', 'M', 'D',5,'02-14-2002','9784-5841', 'edgar84@hotmail.com', 1, 1 ,GETDATE(), NULL, NULL);
GO

INSERT INTO tbEmpleados
VALUES ('789456487254', 'Esdra Maria', 'Cerna', 'F', 'S',6,'04-20-1992','4512-1205', 'Esdra_Cerna@hotmail.com', 1, 1 ,GETDATE(), NULL, NULL);
GO



--INSERTS tbUsuarios
DECLARE @Pass AS NVARCHAR(MAX);
DECLARE @Clave AS NVARCHAR(250);
SET @Clave = '12345';
SET @Pass = CONVERT(NVARCHAR(MAX), HASHBYTES('sha2_512', @Clave),2)

INSERT INTO tbUsuarios
VALUES(2, 'Axel', @Pass, 1, 1, 1, GETDATE(), NULL, NULL);
GO

DECLARE @Pass AS NVARCHAR(MAX);
DECLARE @Clave AS NVARCHAR(250);
SET @Clave = '2023';
SET @Pass = CONVERT(NVARCHAR(MAX), HASHBYTES('sha2_512', @Clave),2)

INSERT INTO tbUsuarios
VALUES(11, 'Eder', @Pass, 1, 1, 1, GETDATE(), NULL, NULL);
GO

DECLARE @Pass AS NVARCHAR(MAX);
DECLARE @Clave AS NVARCHAR(250);
SET @Clave = 'Admin123'
SET @Pass = CONVERT (NVARCHAR(MAX), HASHBYTES('sha2_512',@Clave),2)

INSERT INTO tbUsuarios
VALUES(1, 'Admin', @Pass, 0, 1, 1, GETDATE(), NULL, NULL);
GO

DECLARE @Pass AS NVARCHAR(MAX);
DECLARE @Clave AS NVARCHAR(250);
SET @Clave = 'ESDRINHA'
SET @Pass = CONVERT (NVARCHAR(MAX), HASHBYTES('sha2_512',@Clave),2)

INSERT INTO tbUsuarios
VALUES(16, 'ECERNA', @Pass, 0, 1, 1, GETDATE(), NULL, NULL);
GO



--ALTER TABLE PARA LAS TABLAS CUANDO SE LLENE LA TABLA DE USUARIOS

--tbUsuarios

ALTER TABLE tbUsuarios ADD CONSTRAINT FK_tbUsuarios_Usua_IdCreacion_tbUsuarios_Usua_Id FOREIGN KEY(Usua_IdCreacion) REFERENCES tbUsuarios(Usua_Id) 
ALTER TABLE tbUsuarios ADD CONSTRAINT FK_tbUsuarios_Usua_IdModificacion_tbUsuarios_Usua_Id FOREIGN KEY(Usua_IdModificacion) REFERENCES tbUsuarios(Usua_Id) 

--tbDepartamentos

ALTER TABLE tbDepartamentos ADD CONSTRAINT FK_tbDepartamentos_Usua_IdCreacion_tbUsuarios_Usua_Id FOREIGN KEY(Usua_IdCreacion) REFERENCES tbUsuarios(Usua_Id) 
ALTER TABLE tbDepartamentos ADD CONSTRAINT FK_tbDepartamentos_Usua_IdModificacion_tbUsuarios_Usua_Id FOREIGN KEY(Usua_IdModificacion) REFERENCES tbUsuarios(Usua_Id) 

--tbMunicipios

ALTER TABLE tbMunicipios ADD CONSTRAINT FK_tbMunicipios_Usua_IdCreacion_tbUsuarios_Usua_Id FOREIGN KEY(Usua_IdCreacion) REFERENCES tbUsuarios(Usua_Id) 
ALTER TABLE tbMunicipios ADD CONSTRAINT FK_tbMunicipios_Usua_IdModificacion_tbUsuarios_Usua_Id FOREIGN KEY(Usua_IdModificacion) REFERENCES tbUsuarios(Usua_Id)

--tbDirecciones

ALTER TABLE tbDirecciones ADD CONSTRAINT FK_tbDirecciones_Usua_IdCreacion_tbUsuarios_Usua_Id FOREIGN KEY(Usua_IdCreacion) REFERENCES tbUsuarios(Usua_Id) 
ALTER TABLE tbDirecciones ADD CONSTRAINT FK_tbDirecciones_Usua_IdModificacion_tbUsuarios_Usua_Id FOREIGN KEY(Usua_IdModificacion) REFERENCES tbUsuarios(Usua_Id)

--tbTipoIdentificacion

ALTER TABLE tbTipoIdentificacion ADD CONSTRAINT	 FK_tbTipoIdentificacion_Usua_IdCreacion_tbUsuarios_Usua_Id FOREIGN KEY(Usua_IdCreacion) REFERENCES tbUsuarios(Usua_Id) 
ALTER TABLE tbTipoIdentificacion ADD CONSTRAINT	 FK_tbTipoIdentificacion_Usua_IdModificacion_tbUsuarios_Usua_Id FOREIGN KEY(Usua_IdModificacion) REFERENCES tbUsuarios(Usua_Id)

--tbEstadosCiviles

ALTER TABLE tbEstadosCiviles ADD CONSTRAINT FK_tbEstadosCiviles_Usua_IdCreacion_tbUsuarios_Usua_Id FOREIGN KEY(Usua_IdCreacion) REFERENCES tbUsuarios(Usua_Id) 
ALTER TABLE tbEstadosCiviles ADD CONSTRAINT FK_tbEstadosCiviles_Usua_IdModificacion_tbUsuarios_Usua_Id FOREIGN KEY(Usua_IdModificacion) REFERENCES tbUsuarios(Usua_Id) 

--tbEmpleados

ALTER TABLE tbEmpleados ADD CONSTRAINT FK_tbEmpleados_Usua_IdCreacion_tbUsuarios_Usua_Id FOREIGN KEY(Usua_IdCreacion) REFERENCES tbUsuarios(Usua_Id) 
ALTER TABLE tbEmpleados ADD CONSTRAINT FK_tbEmpleados_Usua_IdModificacion_tbUsuarios_Usua_Id FOREIGN KEY(Usua_IdModificacion) REFERENCES tbUsuarios(Usua_Id) 


--tbProveedor

ALTER TABLE tbProveedores ADD CONSTRAINT FK_tbProveedores_Usua_IdCreacion_tbUsuarios_Usua_Id FOREIGN KEY(Usua_IdCreacion) REFERENCES tbUsuarios(Usua_Id) 
ALTER TABLE tbProveedores ADD CONSTRAINT FK_tbProveedores_Usua_IdModificacion_tbUsuarios_Usua_Id FOREIGN KEY(Usua_IdModificacion) REFERENCES tbUsuarios(Usua_Id) 

--tbClientes

ALTER TABLE tbClientes ADD CONSTRAINT FK_tbClientes_Usua_IdCreacion_tbUsuarios_Usua_Id FOREIGN KEY(Usua_IdCreacion) REFERENCES tbUsuarios(Usua_Id) 
ALTER TABLE tbClientes ADD CONSTRAINT FK_tbClientes_Usua_IdModificacion_tbUsuarios_Usua_Id FOREIGN KEY(Usua_IdModificacion) REFERENCES tbUsuarios(Usua_Id) 


--INSERTS tbProveedores
INSERT INTO tbProveedores
VALUES('05051992168540', 'Carolina Nicolle', 1, '3132-3334', 'PlatanSpecial.com',1,1,GETDATE(),NULL,NULL)
GO

INSERT INTO tbProveedores
VALUES('08011998254871', 'Javier Alejandro', 3, '9192-9394', 'BestSteak.com',1,1,GETDATE(),NULL,NULL);
GO

INSERT INTO tbProveedores
VALUES('14061995162542', 'Juan Fabricio',4, '9493-9291', 'Catrashoes.com',1,1,GETDATE(),NULL,NULL);
GO

INSERT INTO tbProveedores
VALUES('07012001948573', 'Mario Roberto', 5, '8182-8384', 'TechMat.com',1,1,GETDATE(),NULL,NULL);
GO

INSERT INTO tbProveedores
VALUES('05032002084514', 'Allan Manuel', 8, '3433-3231', 'AllanArregla.com', 1,1,GETDATE(),NULL,NULL);
GO

INSERT INTO tbProveedores
VALUES('17062003168456', 'Sonny Eduardo', 10, '9091-9293', 'SonnyMC.com',1,1,GETDATE(),NULL,NULL);
GO

INSERT INTO tbProveedores
VALUES('08042001141515', 'Maria Stephanie', 1, '8081-8283', 'Saltia.com',1,1,GETDATE(),NULL,NULL);
GO

INSERT INTO tbProveedores
VALUES('05012000139878', 'Roger Alexander',7, '9392-9190', 'roger.bonilla@gmail.com',1,1,GETDATE(),NULL,NULL);
GO

INSERT INTO tbProveedores
VALUES('11071999198457', 'Nadia Jiovanessy', 8, '3332-3130', 'nadia.jiovanessy@gmail.com',1,1,GETDATE(),NULL,NULL);
GO

INSERT INTO tbProveedores
VALUES('15082003245169', 'Santos Domingo', 7, '9192-9397', 'santos.carranza@gmail.com',1,1,GETDATE(),NULL,NULL);
GO

INSERT INTO tbProveedores
VALUES('06131998178530', 'Jose Miguel', 10, 'CuerosVaca.com',1,1,GETDATE(),NULL,NULL);
GO

INSERT INTO tbProveedores
VALUES('18012000000101', 'Noe Edil', 8, '8925-8314', 'DeporteDep.com', 1,1,GETDATE(),NULL,NULL);
GO

INSERT INTO tbProveedores
VALUES('05012001105432', 'Loany Michelle',9, '8586-2314', 'Loanynails.com',1,1,GETDATE(),NULL,NULL);
GO

INSERT INTO tbProveedores
VALUES('04091999345173', 'Daniel Enrique',2, '9991-4436', 'EnriqueTech.com',1,1,GETDATE(),NULL,NULL);
GO

INSERT INTO tbProveedores
VALUES('05032002079114', 'Andrea Nicolle', 6, '3915-1658', 'AndreSuper.com',1,1,GETDATE(),NULL,NULL);
GO


--INSERTS tbClientes
INSERT INTO tbClientes
VALUES(1, '06071993011851', 'Mágdaly Zúniga Alvarado', 1, '3339-6645', 'magdalyz22@gmail.com', 1, 1, GETDATE(), null, null);
GO

INSERT INTO tbClientes
VALUES(2, '0501200506681', 'Javier Eduardo López',2, '9821-4819', 'javslopez7@gmail.com', 1, 1, GETDATE(), null, null);
GO

INSERT INTO tbClientes
VALUES(4, 'Consumidor Final', 'Juan David Molina', 3, '9451-9231', 'juanmolinasagastume@gmail.com', 1, 1, GETDATE(), null, null);
GO

INSERT INTO tbClientes
VALUES(1, '18842001056914', 'Ian Alexander Hernandez', 8, '9471-3500', 'ianh8902@gmail.com', 1, 1, GETDATE(), null, null);
GO

INSERT INTO tbClientes
VALUES(2, '0501200209630', 'Axel Dario Rivera', 10, '3165-0161', 'axeldm05@gmail.com', 1, 1, GETDATE(), null, null);
GO

INSERT INTO tbClientes
VALUES(4, 'Consumidor Final', 'Juan Alberto Centeno', 1, '9498-8747', 'juancsabillon06@gmail.com', 1, 1, GETDATE(), null, null);
GO

INSERT INTO tbClientes
VALUES(1, '05012002067027', 'Eder Jesus Sánchez', 9, '9617-8153', 'ederjsanchez22@gmail.com', 1, 1, GETDATE(), null, null);
GO

INSERT INTO tbClientes
VALUES(2, '0501200401519', 'Alex Efrain Castro', 5, '3198-0431', 'alexefraincastro4@gmail.com', 1, 1, GETDATE(), null, null);
GO

INSERT INTO tbClientes
VALUES(4, 'Consumidor Final', 'Sarai Elizabeth Quintanilla', 6, '3352-9652', 'saraieqp@gmail.com', 1, 1, GETDATE(), null, null);
GO

INSERT INTO tbClientes
VALUES(1, '10062005002782', 'Zadiel Jesus Dominguez', 7, '3154-9718', 'zadieldominguez48@gmail.com', 1, 1, GETDATE(), null, null);
GO

INSERT INTO tbClientes
VALUES(2, '0512200300736', 'Angie Yahaira Campos', 8, '9588-7062', 'angie.camposyc03@gmail.com', 1, 1, GETDATE(), null, null);
GO

INSERT INTO tbClientes
VALUES(4, 'Consumidor Final', 'Karla Cecilia Alejandro', 3, '9613-7663', 'karlaalejandro01@gmail.com', 1, 1, GETDATE(), null, null);
GO

INSERT INTO tbClientes
VALUES(1, '09032000127929', 'Ashley Camila Sanchez', 4, '9614-7536', 'camila08@gmail.com', 1, 1, GETDATE(), null, null);
GO

INSERT INTO tbClientes
VALUES(2, '1601199502781', 'Rigoberto Portillo Vu', 5, '9416-5372', 'rigoberto95@gmail.com', 1, 1, GETDATE(), null, null);
GO

INSERT INTO tbClientes
VALUES(4, 'Consumidor Final', 'Maria Canales',6, '9418-2514', 'mariamag90@gmail.com', 1, 1, GETDATE(), null, null);
GO

INSERT INTO tbClientes
VALUES(4, 'Consumidor Final', 'Consumidor Final', 8, '0000-0000', 'null@gmail.com', 1, 1, GETDATE(), null, null);
GO